ghost_setting,episodes,win_rate,average_steps_until_end,average_pellet_completion,average_ghost_distance,std_win_rate,std_steps_until_end,std_pellet_completion,std_ghost_distance
random,30,0.3333333333333333,1111.8,0.837020688643464,15.7154078479248,0.47140452079103173,1026.5189201049016,0.22390354943173432,8.612918112941397
heuristic,30,0.0,62.6,0.2178710595598837,17.57690869121064,0.0,32.70637042942348,0.1156532195110651,6.692665762460943
mcts,30,0.0,86.7,0.26604715373372106,17.21472106708272,0.0,44.321665131174846,0.1415711682660755,6.2546490100810574
