level,requested_samples,generated_samples,valid_samples,connected_samples,reachable_pellet_samples,average_open_cells,average_pellets,average_spikes,average_dead_end_ratio,average_junction_count,average_branching_factor,average_corridor_length,average_nearest_ghost_distance,average_collection_distance,average_maze_difficulty_score,std_dead_end_ratio,std_branching_factor,std_corridor_length,std_nearest_ghost_distance,std_collection_distance,std_maze_difficulty_score,std_spikes,generation_rate,valid_rate
0,100,100,100,100,100,206.43,204.43,0.0,0.04688487849580688,38.13,2.1483738573992976,4.542860622319768,44.8,329.3,0.0003979370008015759,0.00974197679208733,0.04555168530719218,0.7522688844862397,12.19672087079146,27.111067850603007,0.00395942316557455,0.0,1.0,1.0
1,100,100,100,100,100,199.52,196.52,2.0,0.06009315294927999,30.35,2.099618562903658,4.9091469636769185,41.37,334.6,0.4027102935909636,0.010659786282783216,0.041234840914068614,0.8586321963410732,11.320472604975466,25.412595302329905,0.08846666345635418,0.0,1.0,1.0
2,100,100,100,100,100,199.36,196.36,3.94,0.07227936891275856,24.39,2.0540137982021505,5.125709327102335,43.54,349.11,2.126307962586549,0.011701131343939278,0.028416563149792323,0.8500744520458087,12.177372458786008,23.631713860826938,0.07276023749741574,0.31048349392520047,1.0,1.0
3,100,100,100,100,100,196.22,192.22,5.13,0.07809181164049886,19.9,2.0260000805494136,5.562366173580347,43.24,353.43,2.6799800746267937,0.012957655577485778,0.02018604062975188,0.8955964883341632,12.01841919721558,24.363191498652224,0.06318579014118685,1.0164152694642088,1.0,1.0
4,100,100,100,100,100,194.84,189.84,5.01,0.07550135125729797,17.61,2.0174808007040657,5.876763937326756,40.36,352.08,3.1728543932012743,0.013855085542630999,0.015300936786577252,0.9729736989005379,11.571101935425165,24.404786415783278,0.0631830744469169,1.5198355174162763,1.0,1.0
5,100,100,100,100,100,197.25,192.25,4.17,0.06927484290607644,17.36,2.0203195312387634,6.142850075601848,42.34,354.58,4.587228789027505,0.012723195609478807,0.017327304781845538,0.8804463917795046,10.8767826125192,27.38838439923027,0.057244410066615056,1.4903355326905416,1.0,1.0
