level,requested_samples,generated_samples,valid_samples,connected_samples,reachable_pellet_samples,average_open_cells,average_pellets,average_dead_end_ratio,average_junction_count,average_branching_factor,average_corridor_length,average_nearest_ghost_distance,average_collection_distance,average_maze_difficulty_score,generation_rate,valid_rate
0,100,100,100,100,100,241.65,239.65,0.019384405297371895,103.02,2.4640218764869015,1.9912493314849555,20.3,356.1,0.0,1.0,1.0
1,100,100,100,100,100,235.95,233.95,0.02359820720532984,91.6,2.4081450719540256,2.1621607275412695,18.31,349.24,0.0,1.0,1.0
2,100,100,100,100,100,230.11,227.11,0.02596580300708445,77.15,2.3397590948385436,2.378073646992036,17.26,345.22,1.388262703615267,1.0,1.0
3,100,100,100,100,100,226.14,223.14,0.02765935320939391,67.42,2.2927409702560486,2.6340725566763363,15.29,339.08,1.6024968742646228,1.0,1.0
4,100,100,100,100,100,220.24,217.24,0.032674253471792376,54.82,2.2310270287678766,3.0234381463405104,13.44,337.01,1.9059668277165316,1.0,1.0
5,100,100,100,100,100,214.07,210.07,0.037770837965247994,39.95,2.157317210157657,3.6668343454498444,11.59,338.58,3.494288757605822,1.0,1.0
